epoch,step,loss,lr
1,1,0.004989064764231443,0.0001
1,2,0.2819049656391144,0.0001
1,3,0.0034360417630523443,0.0001
1,4,0.0006825096206739545,0.0001
